index,mean energies,mean magnetisations
1,-182,0.54
2,-241,0.77
3,-260.667,0.846667
4,-270.5,0.885
5,-276.4,0.908
6,-280.333,0.923333
7,-283.143,0.934286
8,-285.25,0.9425
9,-286.889,0.948889
10,-288.2,0.954
11,-289.273,0.958182
12,-290.167,0.961667
13,-290.923,0.964615
14,-291.571,0.967143
15,-292.133,0.969333
16,-292.625,0.97125
17,-293.059,0.972941
18,-293.444,0.974445
19,-293.789,0.97579
20,-294.1,0.977
21,-294.381,0.978095
22,-294.636,0.979091
23,-294.87,0.98
24,-295.083,0.980833
25,-295.28,0.9816
26,-295.462,0.982308
27,-295.63,0.982963
28,-295.786,0.983571
29,-295.931,0.984138
30,-296.067,0.984667
31,-296.194,0.985161
32,-296.312,0.985625
33,-296.424,0.986061
34,-296.529,0.986471
35,-296.629,0.986857
36,-296.722,0.987222
37,-296.811,0.987568
38,-296.895,0.987895
39,-296.974,0.988205
40,-297.05,0.9885
41,-297.122,0.98878
42,-297.19,0.989048
43,-297.256,0.989302
44,-297.318,0.989545
45,-297.378,0.989778
46,-297.435,0.99
47,-297.489,0.990213
48,-297.542,0.990417
49,-297.592,0.990612
50,-297.64,0.9908
51,-297.686,0.99098
52,-297.731,0.991154
53,-297.774,0.991321
54,-297.815,0.991481
55,-297.855,0.991636
56,-297.893,0.991786
57,-297.93,0.99193
58,-297.966,0.992069
59,-298,0.992203
60,-298.033,0.992333
61,-298.066,0.992459
62,-298.097,0.992581
63,-298.127,0.992698
64,-298.156,0.992813
65,-298.185,0.992923
66,-298.212,0.99303
67,-298.239,0.993134
68,-298.265,0.993235
69,-298.29,0.993333
70,-298.314,0.993429
71,-298.338,0.993521
72,-298.361,0.993611
73,-298.384,0.993699
74,-298.405,0.993784
75,-298.427,0.993867
76,-298.447,0.993947
77,-298.468,0.994026
78,-298.487,0.994103
79,-298.506,0.994177
80,-298.525,0.99425
81,-298.543,0.994321
82,-298.561,0.99439
83,-298.578,0.994458
84,-298.595,0.994524
85,-298.612,0.994588
86,-298.628,0.994651
87,-298.644,0.994713
88,-298.659,0.994773
89,-298.674,0.994831
90,-298.689,0.994889
91,-298.703,0.994945
92,-298.717,0.995
93,-298.731,0.995054
94,-298.745,0.995106
95,-298.758,0.995158
96,-298.771,0.995208
97,-298.784,0.995258
98,-298.796,0.995306
99,-298.808,0.995354
100,-298.82,0.9954
101,-298.832,0.995446
102,-298.843,0.99549
103,-298.854,0.995534
104,-298.865,0.995577
105,-298.876,0.995619
106,-298.887,0.99566
107,-298.897,0.995701
108,-298.907,0.995741
109,-298.917,0.99578
110,-298.927,0.995818
111,-298.937,0.995856
112,-298.946,0.995893
113,-298.956,0.995929
114,-298.965,0.995965
115,-298.974,0.996
116,-298.983,0.996035
117,-298.991,0.996068
118,-299,0.996102
119,-299.008,0.996134
120,-299.017,0.996167
121,-299.025,0.996198
122,-299.033,0.99623
123,-299.041,0.99626
124,-299.048,0.99629
125,-299.056,0.99632
126,-299.064,0.996349
127,-299.071,0.996378
128,-299.078,0.996406
129,-299.085,0.996434
130,-299.092,0.996462
131,-299.099,0.996489
132,-299.106,0.996515
133,-299.113,0.996541
134,-299.119,0.996567
135,-299.126,0.996593
136,-299.132,0.996618
137,-299.139,0.996642
138,-299.145,0.996667
139,-299.151,0.996691
140,-299.157,0.996714
141,-299.163,0.996738
142,-299.169,0.996761
143,-299.105,0.996643
144,-299.111,0.996667
145,-299.117,0.99669
146,-299.123,0.996712
147,-299.129,0.996735
148,-299.135,0.996757
149,-299.141,0.996779
150,-299.147,0.9968
151,-299.152,0.996821
152,-299.158,0.996842
153,-299.163,0.996863
154,-299.169,0.996883
155,-299.174,0.996903
156,-299.179,0.996923
157,-299.185,0.996943
158,-299.19,0.996962
159,-299.195,0.996981
160,-299.2,0.997
161,-299.205,0.997019
162,-299.21,0.997037
163,-299.215,0.997055
164,-299.22,0.997073
165,-299.224,0.997091
166,-299.229,0.997108
167,-299.234,0.997126
168,-299.238,0.997143
169,-299.243,0.99716
170,-299.247,0.997176
171,-299.251,0.997193
172,-299.256,0.997209
173,-299.26,0.997225
174,-299.264,0.997241
175,-299.269,0.997257
176,-299.273,0.997273
177,-299.277,0.997288
178,-299.281,0.997303
179,-299.285,0.997318
180,-299.289,0.997333
181,-299.293,0.997348
182,-299.297,0.997363
183,-299.301,0.997377
184,-299.304,0.997391
185,-299.308,0.997405
186,-299.312,0.997419
187,-299.316,0.997433
188,-299.319,0.997447
189,-299.323,0.99746
190,-299.326,0.997474
191,-299.33,0.997487
192,-299.333,0.9975
193,-299.337,0.997513
194,-299.34,0.997526
195,-299.344,0.997539
196,-299.347,0.997551
197,-299.35,0.997563
198,-299.354,0.997576
199,-299.357,0.997588
200,-299.36,0.9976
201,-299.363,0.997612
202,-299.366,0.997624
203,-299.369,0.997635
204,-299.373,0.997647
205,-299.376,0.997659
206,-299.379,0.99767
207,-299.382,0.997681
208,-299.385,0.997692
209,-299.388,0.997703
210,-299.39,0.997714
211,-299.393,0.997725
212,-299.396,0.997736
213,-299.399,0.997747
214,-299.402,0.997757
215,-299.405,0.997767
216,-299.407,0.997778
217,-299.41,0.997788
218,-299.413,0.997798
219,-299.416,0.997808
220,-299.418,0.997818
221,-299.421,0.997828
222,-299.423,0.997838
223,-299.426,0.997848
224,-299.429,0.997857
225,-299.431,0.997867
226,-299.434,0.997876
227,-299.436,0.997885
228,-299.439,0.997895
229,-299.441,0.997904
230,-299.443,0.997913
231,-299.446,0.997922
232,-299.448,0.997931
233,-299.451,0.99794
234,-299.453,0.997949
235,-299.455,0.997957
236,-299.458,0.997966
237,-299.46,0.997975
238,-299.462,0.997983
239,-299.464,0.997992
240,-299.467,0.998
241,-299.469,0.998008
242,-299.471,0.998017
243,-299.473,0.998025
244,-299.475,0.998033
245,-299.478,0.998041
246,-299.48,0.998049
247,-299.482,0.998057
248,-299.484,0.998065
249,-299.486,0.998072
250,-299.488,0.99808
251,-299.49,0.998088
252,-299.492,0.998095
253,-299.494,0.998103
254,-299.496,0.99811
255,-299.498,0.998118
256,-299.5,0.998125
257,-299.502,0.998132
258,-299.504,0.99814
259,-299.506,0.998147
260,-299.508,0.998154
261,-299.51,0.998161
262,-299.511,0.998168
263,-299.513,0.998175
264,-299.515,0.998182
265,-299.517,0.998189
266,-299.519,0.998196
267,-299.521,0.998202
268,-299.522,0.998209
269,-299.524,0.998216
270,-299.526,0.998222
271,-299.528,0.998229
272,-299.529,0.998235
273,-299.531,0.998242
274,-299.533,0.998248
275,-299.535,0.998255
276,-299.536,0.998261
277,-299.538,0.998267
278,-299.54,0.998273
279,-299.541,0.99828
280,-299.543,0.998286
281,-299.544,0.998292
282,-299.546,0.998298
283,-299.548,0.998304
284,-299.549,0.99831
285,-299.551,0.998316
286,-299.552,0.998322
287,-299.554,0.998328
288,-299.556,0.998333
289,-299.557,0.998339
290,-299.559,0.998345
291,-299.56,0.998351
292,-299.562,0.998356
293,-299.563,0.998362
294,-299.565,0.998367
295,-299.566,0.998373
296,-299.568,0.998378
297,-299.569,0.998384
298,-299.57,0.998389
299,-299.572,0.998395
300,-299.573,0.9984
301,-299.575,0.998405
302,-299.576,0.998411
303,-299.578,0.998416
304,-299.579,0.998421
305,-299.58,0.998426
306,-299.582,0.998431
307,-299.583,0.998437
308,-299.584,0.998442
309,-299.586,0.998447
310,-299.587,0.998452
311,-299.588,0.998457
312,-299.59,0.998462
313,-299.591,0.998466
314,-299.592,0.998471
315,-299.594,0.998476
316,-299.595,0.998481
317,-299.596,0.998486
318,-299.597,0.998491
319,-299.599,0.998495
320,-299.6,0.9985
321,-299.601,0.998505
322,-299.602,0.998509
323,-299.604,0.998514
324,-299.605,0.998519
325,-299.606,0.998523
326,-299.607,0.998528
327,-299.609,0.998532
328,-299.61,0.998537
329,-299.611,0.998541
330,-299.612,0.998546
331,-299.613,0.99855
332,-299.614,0.998554
333,-299.616,0.998559
334,-299.617,0.998563
335,-299.618,0.998567
336,-299.619,0.998572
337,-299.62,0.998576
338,-299.621,0.99858
339,-299.622,0.998584
340,-299.624,0.998588
341,-299.625,0.998592
342,-299.626,0.998597
343,-299.627,0.998601
344,-299.628,0.998605
345,-299.629,0.998609
346,-299.63,0.998613
347,-299.631,0.998617
348,-299.632,0.998621
349,-299.633,0.998625
350,-299.634,0.998629
351,-299.635,0.998633
352,-299.636,0.998636
353,-299.637,0.99864
354,-299.638,0.998644
355,-299.639,0.998648
356,-299.64,0.998652
357,-299.641,0.998655
358,-299.642,0.998659
359,-299.643,0.998663
360,-299.644,0.998667
361,-299.645,0.99867
362,-299.646,0.998674
363,-299.647,0.998678
364,-299.648,0.998681
365,-299.649,0.998685
366,-299.65,0.998689
367,-299.651,0.998692
368,-299.652,0.998696
369,-299.653,0.998699
370,-299.654,0.998703
371,-299.655,0.998706
372,-299.656,0.99871
373,-299.657,0.998713
374,-299.658,0.998717
375,-299.659,0.99872
376,-299.66,0.998723
377,-299.66,0.998727
378,-299.661,0.99873
379,-299.662,0.998734
380,-299.663,0.998737
381,-299.664,0.99874
382,-299.665,0.998744
383,-299.666,0.998747
384,-299.667,0.99875
385,-299.668,0.998753
386,-299.668,0.998757
387,-299.669,0.99876
388,-299.67,0.998763
389,-299.671,0.998766
390,-299.672,0.998769
391,-299.673,0.998772
392,-299.673,0.998776
393,-299.674,0.998779
394,-299.675,0.998782
395,-299.676,0.998785
396,-299.677,0.998788
397,-299.678,0.998791
398,-299.678,0.998794
399,-299.679,0.998797
400,-299.68,0.9988
401,-299.681,0.998803
402,-299.682,0.998806
403,-299.682,0.998809
404,-299.683,0.998812
405,-299.684,0.998815
406,-299.685,0.998818
407,-299.686,0.998821
408,-299.686,0.998824
409,-299.687,0.998826
410,-299.688,0.998829
411,-299.689,0.998832
412,-299.689,0.998835
413,-299.69,0.998838
414,-299.691,0.998841
415,-299.692,0.998843
416,-299.692,0.998846
417,-299.693,0.998849
418,-299.694,0.998852
419,-299.695,0.998854
420,-299.695,0.998857
421,-299.696,0.99886
422,-299.697,0.998863
423,-299.697,0.998865
424,-299.698,0.998868
425,-299.699,0.998871
426,-299.7,0.998873
427,-299.7,0.998876
428,-299.701,0.998879
429,-299.702,0.998881
430,-299.702,0.998884
431,-299.703,0.998886
432,-299.704,0.998889
433,-299.704,0.998891
434,-299.705,0.998894
435,-299.706,0.998897
436,-299.706,0.998899
437,-299.707,0.998902
438,-299.708,0.998904
439,-299.708,0.998907
440,-299.709,0.998909
441,-299.71,0.998912
442,-299.71,0.998914
443,-299.711,0.998917
444,-299.712,0.998919
445,-299.712,0.998921
446,-299.713,0.998924
447,-299.714,0.998926
448,-299.714,0.998929
449,-299.715,0.998931
450,-299.716,0.998933
451,-299.716,0.998936
452,-299.717,0.998938
453,-299.717,0.99894
454,-299.718,0.998943
455,-299.719,0.998945
456,-299.719,0.998947
457,-299.72,0.99895
458,-299.721,0.998952
459,-299.721,0.998954
460,-299.722,0.998957
461,-299.722,0.998959
462,-299.723,0.998961
463,-299.724,0.998963
464,-299.724,0.998966
465,-299.725,0.998968
466,-299.725,0.99897
467,-299.726,0.998972
468,-299.727,0.998974
469,-299.727,0.998977
470,-299.728,0.998979
471,-299.728,0.998981
472,-299.729,0.998983
473,-299.729,0.998985
474,-299.73,0.998987
475,-299.731,0.99899
476,-299.731,0.998992
477,-299.732,0.998994
478,-299.732,0.998996
479,-299.733,0.998998
480,-299.733,0.999
481,-299.734,0.999002
482,-299.734,0.999004
483,-299.735,0.999006
484,-299.736,0.999008
485,-299.736,0.99901
486,-299.737,0.999012
487,-299.737,0.999014
488,-299.738,0.999016
489,-299.738,0.999018
490,-299.739,0.99902
491,-299.739,0.999022
492,-299.74,0.999024
493,-299.74,0.999026
494,-299.741,0.999028
495,-299.741,0.99903
496,-299.742,0.999032
497,-299.742,0.999034
498,-299.743,0.999036
499,-299.743,0.999038
500,-299.744,0.99904
501,-299.745,0.999042
502,-299.745,0.999044
503,-299.746,0.999046
504,-299.746,0.999048
505,-299.747,0.99905
506,-299.747,0.999051
507,-299.748,0.999053
508,-299.748,0.999055
509,-299.749,0.999057
510,-299.749,0.999059
511,-299.75,0.999061
512,-299.75,0.999063
513,-299.75,0.999064
514,-299.751,0.999066
515,-299.751,0.999068
516,-299.752,0.99907
517,-299.752,0.999072
518,-299.753,0.999073
519,-299.753,0.999075
520,-299.754,0.999077
521,-299.735,0.99904
522,-299.736,0.999042
523,-299.736,0.999044
524,-299.737,0.999046
525,-299.737,0.999048
526,-299.738,0.999049
527,-299.738,0.999051
528,-299.739,0.999053
529,-299.739,0.999055
530,-299.74,0.999057
531,-299.74,0.999058
532,-299.741,0.99906
533,-299.741,0.999062
534,-299.742,0.999064
535,-299.742,0.999065
536,-299.743,0.999067
537,-299.743,0.999069
538,-299.743,0.999071
539,-299.744,0.999072
540,-299.744,0.999074
541,-299.745,0.999076
542,-299.745,0.999077
543,-299.746,0.999079
544,-299.746,0.999081
545,-299.747,0.999083
546,-299.747,0.999084
547,-299.748,0.999086
548,-299.748,0.999088
549,-299.749,0.999089
550,-299.749,0.999091
551,-299.75,0.999093
552,-299.75,0.999094
553,-299.75,0.999096
554,-299.751,0.999097
555,-299.751,0.999099
556,-299.752,0.999101
557,-299.752,0.999102
558,-299.753,0.999104
559,-299.753,0.999106
560,-299.754,0.999107
561,-299.754,0.999109
562,-299.754,0.99911
563,-299.755,0.999112
564,-299.755,0.999114
565,-299.756,0.999115
566,-299.756,0.999117
567,-299.757,0.999118
568,-299.757,0.99912
569,-299.757,0.999121
570,-299.758,0.999123
571,-299.758,0.999124
572,-299.759,0.999126
573,-299.759,0.999127
574,-299.76,0.999129
575,-299.76,0.99913
576,-299.76,0.999132
577,-299.761,0.999133
578,-299.761,0.999135
579,-299.762,0.999136
580,-299.762,0.999138
581,-299.762,0.999139
582,-299.763,0.999141
583,-299.763,0.999142
584,-299.764,0.999144
585,-299.764,0.999145
586,-299.764,0.999147
587,-299.765,0.999148
588,-299.765,0.99915
589,-299.766,0.999151
590,-299.766,0.999153
591,-299.767,0.999154
592,-299.767,0.999155
593,-299.767,0.999157
594,-299.768,0.999158
595,-299.768,0.99916
596,-299.768,0.999161
597,-299.769,0.999162
598,-299.769,0.999164
599,-299.77,0.999165
600,-299.77,0.999167
601,-299.77,0.999168
602,-299.771,0.999169
603,-299.771,0.999171
604,-299.772,0.999172
605,-299.772,0.999174
606,-299.772,0.999175
607,-299.773,0.999176
608,-299.773,0.999178
609,-299.773,0.999179
610,-299.774,0.99918
611,-299.774,0.999182
612,-299.775,0.999183
613,-299.775,0.999184
614,-299.775,0.999186
615,-299.776,0.999187
616,-299.776,0.999188
617,-299.776,0.99919
618,-299.777,0.999191
619,-299.777,0.999192
620,-299.777,0.999194
621,-299.778,0.999195
622,-299.778,0.999196
623,-299.779,0.999197
624,-299.779,0.999199
625,-299.779,0.9992
626,-299.78,0.999201
627,-299.78,0.999203
628,-299.78,0.999204
629,-299.781,0.999205
630,-299.781,0.999206
631,-299.781,0.999208
632,-299.782,0.999209
633,-299.782,0.99921
634,-299.782,0.999211
635,-299.783,0.999213
636,-299.783,0.999214
637,-299.783,0.999215
638,-299.784,0.999216
639,-299.784,0.999218
640,-299.784,0.999219
641,-299.785,0.99922
642,-299.785,0.999221
643,-299.785,0.999222
644,-299.786,0.999224
645,-299.786,0.999225
646,-299.786,0.999226
647,-299.787,0.999227
648,-299.787,0.999228
649,-299.787,0.99923
650,-299.788,0.999231
651,-299.788,0.999232
652,-299.788,0.999233
653,-299.789,0.999234
654,-299.789,0.999235
655,-299.789,0.999237
656,-299.79,0.999238
657,-299.79,0.999239
658,-299.79,0.99924
659,-299.791,0.999241
660,-299.791,0.999242
661,-299.791,0.999244
662,-299.792,0.999245
663,-299.792,0.999246
664,-299.792,0.999247
665,-299.792,0.999248
666,-299.793,0.999249
667,-299.793,0.99925
668,-299.793,0.999251
669,-299.794,0.999253
670,-299.794,0.999254
671,-299.794,0.999255
672,-299.795,0.999256
673,-299.795,0.999257
674,-299.795,0.999258
675,-299.796,0.999259
676,-299.796,0.99926
677,-299.796,0.999261
678,-299.796,0.999263
679,-299.797,0.999264
680,-299.797,0.999265
681,-299.797,0.999266
682,-299.798,0.999267
683,-299.798,0.999268
684,-299.798,0.999269
685,-299.799,0.99927
686,-299.799,0.999271
687,-299.799,0.999272
688,-299.799,0.999273
689,-299.8,0.999274
690,-299.8,0.999275
691,-299.8,0.999276
692,-299.801,0.999277
693,-299.801,0.999278
694,-299.801,0.99928
695,-299.801,0.999281
696,-299.802,0.999282
697,-299.802,0.999283
698,-299.802,0.999284
699,-299.803,0.999285
700,-299.803,0.999286
701,-299.803,0.999287
702,-299.803,0.999288
703,-299.804,0.999289
704,-299.804,0.99929
705,-299.804,0.999291
706,-299.805,0.999292
707,-299.805,0.999293
708,-299.805,0.999294
709,-299.805,0.999295
710,-299.806,0.999296
711,-299.806,0.999297
712,-299.806,0.999298
713,-299.806,0.999299
714,-299.807,0.9993
715,-299.807,0.999301
716,-299.807,0.999302
717,-299.808,0.999303
718,-299.808,0.999304
719,-299.808,0.999305
720,-299.808,0.999306
721,-299.809,0.999306
722,-299.809,0.999307
723,-299.809,0.999308
724,-299.809,0.999309
725,-299.81,0.99931
726,-299.81,0.999311
727,-299.81,0.999312
728,-299.81,0.999313
729,-299.811,0.999314
730,-299.811,0.999315
731,-299.798,0.999289
732,-299.798,0.99929
733,-299.798,0.999291
734,-299.798,0.999292
735,-299.799,0.999292
736,-299.799,0.999293
737,-299.799,0.999294
738,-299.799,0.999295
739,-299.8,0.999296
740,-299.8,0.999297
741,-299.8,0.999298
742,-299.801,0.999299
743,-299.801,0.9993
744,-299.801,0.999301
745,-299.801,0.999302
746,-299.802,0.999303
747,-299.802,0.999304
748,-299.802,0.999305
749,-299.802,0.999306
750,-299.803,0.999307
751,-299.803,0.999308
752,-299.803,0.999308
753,-299.803,0.999309
754,-299.804,0.99931
755,-299.804,0.999311
756,-299.804,0.999312
757,-299.805,0.999313
758,-299.805,0.999314
759,-299.805,0.999315
760,-299.805,0.999316
761,-299.806,0.999317
762,-299.806,0.999318
763,-299.806,0.999318
764,-299.806,0.999319
765,-299.807,0.99932
766,-299.807,0.999321
767,-299.807,0.999322
768,-299.807,0.999323
769,-299.808,0.999324
770,-299.808,0.999325
771,-299.808,0.999326
772,-299.808,0.999326
773,-299.809,0.999327
774,-299.809,0.999328
775,-299.809,0.999329
776,-299.809,0.99933
777,-299.81,0.999331
778,-299.81,0.999332
779,-299.81,0.999332
780,-299.81,0.999333
781,-299.81,0.999334
782,-299.811,0.999335
783,-299.811,0.999336
784,-299.811,0.999337
785,-299.811,0.999338
786,-299.812,0.999338
787,-299.812,0.999339
788,-299.812,0.99934
789,-299.812,0.999341
790,-299.813,0.999342
791,-299.813,0.999343
792,-299.813,0.999343
793,-299.813,0.999344
794,-299.814,0.999345
795,-299.814,0.999346
796,-299.814,0.999347
797,-299.814,0.999348
798,-299.815,0.999348
799,-299.815,0.999349
800,-299.815,0.99935
801,-299.815,0.999351
802,-299.815,0.999352
803,-299.816,0.999352
804,-299.816,0.999353
805,-299.816,0.999354
806,-299.816,0.999355
807,-299.817,0.999356
808,-299.817,0.999356
809,-299.817,0.999357
810,-299.817,0.999358
811,-299.818,0.999359
812,-299.818,0.99936
813,-299.818,0.99936
814,-299.818,0.999361
815,-299.818,0.999362
816,-299.819,0.999363
817,-299.819,0.999363
818,-299.819,0.999364
819,-299.819,0.999365
820,-299.82,0.999366
821,-299.82,0.999367
822,-299.82,0.999367
823,-299.82,0.999368
824,-299.82,0.999369
825,-299.821,0.99937
826,-299.821,0.99937
827,-299.821,0.999371
828,-299.821,0.999372
829,-299.821,0.999373
830,-299.822,0.999373
831,-299.822,0.999374
832,-299.822,0.999375
833,-299.822,0.999376
834,-299.823,0.999376
835,-299.823,0.999377
836,-299.823,0.999378
837,-299.823,0.999379
838,-299.823,0.999379
839,-299.824,0.99938
840,-299.824,0.999381
841,-299.824,0.999382
842,-299.824,0.999382
843,-299.824,0.999383
844,-299.825,0.999384
845,-299.825,0.999385
846,-299.825,0.999385
847,-299.825,0.999386
848,-299.825,0.999387
849,-299.826,0.999388
850,-299.826,0.999388
851,-299.826,0.999389
852,-299.826,0.99939
853,-299.827,0.99939
854,-299.827,0.999391
855,-299.827,0.999392
856,-299.827,0.999393
857,-299.827,0.999393
858,-299.828,0.999394
859,-299.828,0.999395
860,-299.828,0.999395
861,-299.828,0.999396
862,-299.828,0.999397
863,-299.828,0.999397
864,-299.829,0.999398
865,-299.829,0.999399
866,-299.829,0.9994
867,-299.829,0.9994
868,-299.829,0.999401
869,-299.83,0.999402
870,-299.83,0.999402
871,-299.83,0.999403
872,-299.83,0.999404
873,-299.83,0.999404
874,-299.831,0.999405
875,-299.831,0.999406
876,-299.831,0.999406
877,-299.831,0.999407
878,-299.831,0.999408
879,-299.832,0.999408
880,-299.832,0.999409
881,-299.832,0.99941
882,-299.832,0.99941
883,-299.832,0.999411
884,-299.833,0.999412
885,-299.833,0.999412
886,-299.833,0.999413
887,-299.833,0.999414
888,-299.833,0.999414
889,-299.834,0.999415
890,-299.834,0.999416
891,-299.834,0.999416
892,-299.834,0.999417
893,-299.834,0.999418
894,-299.834,0.999418
895,-299.835,0.999419
896,-299.835,0.99942
897,-299.835,0.99942
898,-299.835,0.999421
899,-299.835,0.999422
900,-299.836,0.999422
901,-299.836,0.999423
902,-299.836,0.999424
903,-299.836,0.999424
904,-299.836,0.999425
905,-299.836,0.999425
906,-299.837,0.999426
907,-299.837,0.999427
908,-299.837,0.999427
909,-299.837,0.999428
910,-299.837,0.999429
911,-299.838,0.999429
912,-299.838,0.99943
913,-299.838,0.99943
914,-299.838,0.999431
915,-299.838,0.999432
916,-299.838,0.999432
917,-299.839,0.999433
918,-299.839,0.999434
919,-299.839,0.999434
920,-299.828,0.999413
921,-299.828,0.999414
922,-299.829,0.999414
923,-299.829,0.999415
924,-299.829,0.999416
925,-299.829,0.999416
926,-299.829,0.999417
927,-299.83,0.999417
928,-299.83,0.999418
929,-299.83,0.999419
930,-299.83,0.999419
931,-299.83,0.99942
932,-299.83,0.999421
933,-299.831,0.999421
934,-299.831,0.999422
935,-299.831,0.999422
936,-299.831,0.999423
937,-299.831,0.999424
938,-299.832,0.999424
939,-299.832,0.999425
940,-299.832,0.999425
941,-299.832,0.999426
942,-299.832,0.999427
943,-299.832,0.999427
944,-299.833,0.999428
945,-299.833,0.999429
946,-299.833,0.999429
947,-299.833,0.99943
948,-299.833,0.99943
949,-299.833,0.999431
950,-299.834,0.999432
951,-299.834,0.999432
952,-299.834,0.999433
953,-299.834,0.999433
954,-299.834,0.999434
955,-299.835,0.999435
956,-299.835,0.999435
957,-299.835,0.999436
958,-299.835,0.999436
959,-299.835,0.999437
960,-299.835,0.999437
961,-299.836,0.999438
962,-299.836,0.999439
963,-299.836,0.999439
964,-299.836,0.99944
965,-299.836,0.99944
966,-299.836,0.999441
967,-299.837,0.999442
968,-299.837,0.999442
969,-299.837,0.999443
970,-299.837,0.999443
971,-299.837,0.999444
972,-299.837,0.999444
973,-299.838,0.999445
974,-299.838,0.999446
975,-299.838,0.999446
976,-299.838,0.999447
977,-299.838,0.999447
978,-299.838,0.999448
979,-299.839,0.999448
980,-299.839,0.999449
981,-299.839,0.999449
982,-299.839,0.99945
983,-299.839,0.999451
984,-299.839,0.999451
985,-299.84,0.999452
986,-299.84,0.999452
987,-299.84,0.999453
988,-299.84,0.999453
989,-299.84,0.999454
990,-299.84,0.999454
991,-299.841,0.999455
992,-299.841,0.999456
993,-299.841,0.999456
994,-299.841,0.999457
995,-299.841,0.999457
996,-299.841,0.999458
997,-299.842,0.999458
998,-299.842,0.999459
999,-299.842,0.999459
1000,-299.842,0.99946
1001,-299.842,0.999461
1002,-299.842,0.999461
1003,-299.842,0.999462
1004,-299.843,0.999462
1005,-299.843,0.999463
1006,-299.843,0.999463
1007,-299.843,0.999464
1008,-299.843,0.999464
1009,-299.843,0.999465
1010,-299.844,0.999465
1011,-299.844,0.999466
1012,-299.844,0.999466
1013,-299.844,0.999467
1014,-299.844,0.999467
1015,-299.844,0.999468
1016,-299.844,0.999468
1017,-299.845,0.999469
1018,-299.845,0.99947
1019,-299.845,0.99947
1020,-299.845,0.999471
1021,-299.845,0.999471
1022,-299.845,0.999472
1023,-299.846,0.999472
1024,-299.846,0.999473
1025,-299.846,0.999473
1026,-299.846,0.999474
1027,-299.846,0.999474
1028,-299.846,0.999475
1029,-299.846,0.999475
1030,-299.847,0.999476
1031,-299.847,0.999476
1032,-299.847,0.999477
1033,-299.847,0.999477
1034,-299.847,0.999478
1035,-299.847,0.999478
1036,-299.848,0.999479
1037,-299.848,0.999479
1038,-299.848,0.99948
1039,-299.848,0.99948
1040,-299.848,0.999481
1041,-299.848,0.999481
1042,-299.848,0.999482
1043,-299.849,0.999482
1044,-299.849,0.999483
1045,-299.849,0.999483
1046,-299.849,0.999484
1047,-299.849,0.999484
1048,-299.849,0.999485
1049,-299.849,0.999485
1050,-299.85,0.999486
1051,-299.85,0.999486
1052,-299.85,0.999487
1053,-299.85,0.999487
1054,-299.85,0.999488
1055,-299.85,0.999488
1056,-299.85,0.999489
1057,-299.851,0.999489
1058,-299.851,0.99949
1059,-299.851,0.99949
1060,-299.851,0.99949
1061,-299.851,0.999491
1062,-299.851,0.999492
1063,-299.851,0.999492
1064,-299.852,0.999492
1065,-299.852,0.999493
1066,-299.852,0.999493
1067,-299.852,0.999494
1068,-299.852,0.999494
1069,-299.852,0.999495
1070,-299.852,0.999495
1071,-299.852,0.999496
1072,-299.853,0.999496
1073,-299.853,0.999497
1074,-299.853,0.999497
1075,-299.853,0.999498
1076,-299.853,0.999498
1077,-299.853,0.999499
1078,-299.853,0.999499
1079,-299.854,0.999499
1080,-299.854,0.9995
1081,-299.854,0.9995
1082,-299.854,0.999501
1083,-299.854,0.999501
1084,-299.854,0.999502
1085,-299.854,0.999502
1086,-299.855,0.999503
1087,-299.855,0.999503
1088,-299.855,0.999504
1089,-299.855,0.999504
1090,-299.855,0.999505
1091,-299.855,0.999505
1092,-299.855,0.999505
1093,-299.855,0.999506
1094,-299.856,0.999506
1095,-299.856,0.999507
1096,-299.856,0.999507
1097,-299.856,0.999508
1098,-299.856,0.999508
1099,-299.856,0.999509
1100,-299.856,0.999509
1101,-299.857,0.99951
1102,-299.857,0.99951
1103,-299.857,0.99951
1104,-299.857,0.999511
1105,-299.857,0.999511
1106,-299.857,0.999512
1107,-299.857,0.999512
1108,-299.857,0.999513
1109,-299.858,0.999513
1110,-299.858,0.999514
1111,-299.858,0.999514
1112,-299.858,0.999514
1113,-299.858,0.999515
1114,-299.858,0.999515
1115,-299.858,0.999516
1116,-299.858,0.999516
1117,-299.859,0.999517
1118,-299.859,0.999517
1119,-299.859,0.999517
1120,-299.859,0.999518
1121,-299.859,0.999518
1122,-299.859,0.999519
1123,-299.859,0.999519
1124,-299.859,0.99952
1125,-299.86,0.99952
1126,-299.86,0.99952
1127,-299.86,0.999521
1128,-299.86,0.999521
1129,-299.86,0.999522
1130,-299.86,0.999522
1131,-299.86,0.999523
1132,-299.86,0.999523
1133,-299.861,0.999523
1134,-299.861,0.999524
1135,-299.861,0.999524
1136,-299.861,0.999525
1137,-299.861,0.999525
1138,-299.861,0.999525
1139,-299.861,0.999526
1140,-299.861,0.999526
1141,-299.862,0.999527
1142,-299.862,0.999527
1143,-299.862,0.999528
1144,-299.862,0.999528
1145,-299.862,0.999528
1146,-299.862,0.999529
1147,-299.862,0.999529
1148,-299.862,0.99953
1149,-299.862,0.99953
1150,-299.863,0.99953
1151,-299.863,0.999531
1152,-299.863,0.999531
1153,-299.863,0.999532
1154,-299.863,0.999532
1155,-299.863,0.999532
